<?xml version="1.0" encoding="UTF-8"?>
<project-private xmlns="http://www.netbeans.org/ns/project-private/1">
    <editor-bookmarks xmlns="http://www.netbeans.org/ns/editor-bookmarks/2" lastBookmarkId="0"/>
    <open-files xmlns="http://www.netbeans.org/ns/projectui-open-files/2">
        <group>
            <file>file:/C:/Users/boitu/OneDrive/Documents/NetBeansProjects/CafeteriaEJBModule/src/java/za/ac/tut/entity/OrderAdminFacade.java</file>
            <file>file:/C:/Users/boitu/OneDrive/Documents/NetBeansProjects/CafeteriaEJBModule/src/java/za/ac/tut/entity/CustomerFacade.java</file>
            <file>file:/C:/Users/boitu/OneDrive/Documents/NetBeansProjects/CafeteriaEJBModule/src/java/za/ac/tut/entity/DeliveryPerson.java</file>
            <file>file:/C:/Users/boitu/OneDrive/Documents/NetBeansProjects/CafeteriaEJBModule/src/java/za/ac/tut/entity/DeliveryPersonFacadeLocal.java</file>
            <file>file:/C:/Users/boitu/OneDrive/Documents/NetBeansProjects/CafeteriaEJBModule/src/java/za/ac/tut/entity/DeliveryPersonFacade.java</file>
            <file>file:/C:/Users/boitu/OneDrive/Documents/NetBeansProjects/CafeteriaEJBModule/src/java/za/ac/tut/entity/AbstractFacade.java</file>
            <file>file:/C:/Users/boitu/OneDrive/Documents/NetBeansProjects/CafeteriaEJBModule/src/java/za/ac/tut/entity/CustomerFacadeLocal.java</file>
            <file>file:/C:/Users/boitu/OneDrive/Documents/NetBeansProjects/CafeteriaEJBModule/src/conf/persistence.xml</file>
            <file>file:/C:/Users/boitu/OneDrive/Documents/NetBeansProjects/CafeteriaEJBModule/src/java/za/ac/tut/entity/Customer.java</file>
            <file>file:/C:/Users/boitu/OneDrive/Documents/NetBeansProjects/CafeteriaEJBModule/src/java/za/ac/tut/entity/OrderAdmin.java</file>
            <file>file:/C:/Users/boitu/OneDrive/Documents/NetBeansProjects/CafeteriaEJBModule/src/java/za/ac/tut/entity/OrderAdminFacadeLocal.java</file>
        </group>
    </open-files>
</project-private>
