<?xml version="1.0" encoding="UTF-8"?>
<project-private xmlns="http://www.netbeans.org/ns/project-private/1">
    <editor-bookmarks xmlns="http://www.netbeans.org/ns/editor-bookmarks/2" lastBookmarkId="0"/>
    <open-files xmlns="http://www.netbeans.org/ns/projectui-open-files/2">
        <group>
            <file>file:/C:/Users/boitu/Downloads/CafeteriaTUT-main/CafeteriaTUT-main/CafeteriaWebApp/CafeteriaWebApp/web/customer_registration.jsp</file>
            <file>file:/C:/Users/boitu/Downloads/CafeteriaTUT-main/CafeteriaTUT-main/CafeteriaWebApp/CafeteriaWebApp/src/java/za/ac/tut/controllers/CustomerLoginServlet.java</file>
            <file>file:/C:/Users/boitu/Downloads/CafeteriaTUT-main/CafeteriaTUT-main/CafeteriaWebApp/CafeteriaWebApp/web/WEB-INF/web.xml</file>
            <file>file:/C:/Users/boitu/Downloads/CafeteriaTUT-main/CafeteriaTUT-main/CafeteriaWebApp/CafeteriaWebApp/web/customer_login.jsp</file>
            <file>file:/C:/Users/boitu/Downloads/CafeteriaTUT-main/CafeteriaTUT-main/CafeteriaWebApp/CafeteriaWebApp/web/index.html</file>
            <file>file:/C:/Users/boitu/Downloads/CafeteriaTUT-main/CafeteriaTUT-main/CafeteriaWebApp/CafeteriaWebApp/web/options.jsp</file>
            <file>file:/C:/Users/boitu/Downloads/CafeteriaTUT-main/CafeteriaTUT-main/CafeteriaWebApp/CafeteriaWebApp/src/java/za/ac/tut/controllers/CustomerRegistrationServlet.java</file>
            <file>file:/C:/Users/boitu/Downloads/CafeteriaTUT-main/CafeteriaTUT-main/CafeteriaWebApp/CafeteriaWebApp/web/menu.jsp</file>
            <file>file:/C:/Users/boitu/Downloads/CafeteriaTUT-main/CafeteriaTUT-main/CafeteriaWebApp/CafeteriaWebApp/nbproject/build-impl.xml</file>
        </group>
    </open-files>
</project-private>
